{
    "accuracy": 0.64,
    "precision": 0.6666666666666666,
    "recall": 0.43478260869565216,
    "auc": 0.6936392914653784
}